<?xml version="1.0" encoding="UTF-8" standalone="no"?>
<Entities>
    <ExtensionPackages>
        <ExtensionPackage dependsOn="" description="" minimumThingWorxVersion="8.3.0" name="Maintanancecalendar" packageVersion="1.0.40" vendor="IoT Centre Lab"></ExtensionPackage>
    </ExtensionPackages>
    <Widgets>
        <Widget name="Maintanancecalendar">
            <UIResources>
                <FileResource description="" file="Maintanancecalendar.ide.js" isDevelopment="true" isRuntime="false" type="JS" />
                <FileResource description="" file="Maintanancecalendar.ide.css" isDevelopment="true" isRuntime="false" type="CSS" />
                <FileResource description="" file="Maintanancecalendar.runtime.js" isDevelopment="false" isRuntime="true" type="JS" />
                <FileResource description="" file="Maintanancecalendar.runtime.css" isDevelopment="false" isRuntime="true" type="CSS" />
                <FileResource description="" file="d3.min.js" isDevelopment="true" isRuntime="true" type="JS" />
               
                   
            </UIResources>
        </Widget>
    </Widgets>
</Entities>